exp_id,congruency_freq,congruency_effect
0,25.0,33.333333333333336
1,75.0,33.33333333333333
